{
  "__generated__": "⚠️ This file is generated. Do not edit.",
  "$schema": "https://schemas.wp.org/trunk/theme.json",
  "version": 2,
  "settings": {
    "color": {
      "custom": false,
      "customDuotone": false,
      "customGradient": false,
      "defaultDuotone": false,
      "defaultGradients": false,
      "defaultPalette": false,
      "duotone": [],
      "palette": [
        {
          "name": "Zwart",
          "slug": "black",
          "color": "#001220"
        },
        {
          "name": "Wit",
          "slug": "white",
          "color": "#ffffff"
        },
        {
          "name": "Primair",
          "slug": "primary",
          "color": "#D43F51"
        },
        {
          "name": "Secundair",
          "slug": "secondary",
          "color": "#F0ECE1"
        },
        {
          "name": "Licht",
          "slug": "light",
          "color": "#fbfdff"
        }
      ]
    },
    "custom": {
      "spacing": {},
      "typography": {
        "font-size": {},
        "line-height": {}
      }
    },
    "spacing": {
      "padding": true,
      "units": [
        "rem"
      ],
      "spacingSizes": [
        {
          "size": "0",
          "slug": "0",
          "name": "0"
        },
        {
          "size": "0.5rem",
          "slug": "1",
          "name": "1"
        },
        {
          "size": "0.75rem",
          "slug": "2",
          "name": "2"
        },
        {
          "size": "1.25rem",
          "slug": "3",
          "name": "3"
        },
        {
          "size": "2rem",
          "slug": "4",
          "name": "4"
        },
        {
          "size": "5rem",
          "slug": "5",
          "name": "5"
        }
      ]
    },
    "typography": {
      "customFontSize": false
    }
  }
}